{"desktopweb":{"platform":"desktopweb","indexjl":"js","appName":"EmpDirNative","buildWar":"false","librarymode":"js","devicemessage":"This device is currently not supported","deviceexception":"Unknown Error Occurred <br/> Contact System Admin","importjsfiles":[],"javascripterrormsg":"To use this site, first enable your browser's JavaScript support and then refresh this page.","version":"1.0.0","category":"desktopweb/","bgcolor":"#ffffff","cssLazyLoad":true,"customFontsList":["FontAwesome"],"customFontsUrlList":["url('desktopweb/FontAwesome.ttf'), url('desktopweb/FontAwesome.eot')"],"fontsObj":{"FontAwesome":"url('desktopweb/FontAwesome.ttf'), url('desktopweb/FontAwesome.eot')"},"style":"width: 100%; margin: 0px; padding: 0px;","bodyalign":"left","bodyAttrs":"style = \"width: 100%; margin: 0px; padding: 0px;\"  aria-busy=\"true\" aria-live=\"polite\" aria-relevant=\"additions\" aria-atomic=\"false\"","enablexfsdw":false,"enablexfs":"false","isDebug":"true","csslist":[],"jslist":[],"enableViewportZooming":false,"webcsslist":[],"webjslist":[],"webheadertags":[],"htmlAttrs":"manifest=\"/apps/EmpDirNative/nocache/desktopweb/kony.manifest\"","ieMetaTag":"<meta http-equiv=\"X-UA-Compatble\" content=\"IE=edge\">","headPageFileName":"362212959/desktopweb/head.html","bodyPageFileName":"362212959/desktopweb/body.html","baseTag":"<base href= \"/apps/EmpDirNative/362212959/\" target = \"_blank\"/>","baseLocalTag":"<base href= \"./\" target = \"_blank\"/>"},"indexPage":{"headPageFileName":"362212959/desktopweb/head.html","bodyPageFileName":"362212959/desktopweb/body.html","baseTag":"<base href= \"/apps/EmpDirNative/362212959/\" target = \"_blank\"/>","ieMetaTag":"<meta http-equiv=\"X-UA-Compatble\" content=\"IE=edge\">","htmlAttrs":"manifest=\"/apps/EmpDirNative/nocache/desktopweb/kony.manifest\"","bodyAttrs":"style = \"width: 100%; margin: 0px; padding: 0px;\"  aria-busy=\"true\" aria-live=\"polite\" aria-relevant=\"additions\" aria-atomic=\"false\""},"appconfig":{"buildoption":"release","applocales":"","spa":"desktopweb","appid":"EmpDirNative","devicedblookup":"false","smsecure":"","cacheId":"362212959","cacheUrl":"EmpDirNative/362212959"}}